group_id,image_path,palette,image_version
1,/images/groups/lesserafim.webp,"{""deep"": ""#0B5C90"", ""secondary"": ""#3B87BC"", ""main"": ""#69B3E7"", ""accent"": ""#B4DAF5"", ""light"": ""#FFFFFF""}",1
2,/images/groups/iz_one.webp,"{""deep"": ""#7C0D4F"", ""secondary"": ""#BF1177"", ""main"": ""#EF539D"", ""accent"": ""#FDA2C4"", ""light"": ""#FEE9EF""}",1
3,/images/groups/aespa.webp,"{""deep"": ""#713589"", ""secondary"": ""#9C60B2"", ""main"": ""#C98BDB"", ""accent"": ""#5BC2E7"", ""light"": ""#C1E8F6""}",1
4,/images/groups/got_the_beat.webp,"{""deep"": ""#0B0C10"", ""secondary"": ""#5E5E5E"", ""main"": ""#C0C0C0"", ""accent"": ""#DFDFDF"", ""light"": ""#FFFFFF""}",1
5,/images/groups/twice.webp,"{""deep"": ""#CF247C"", ""secondary"": ""#FF5FA2"", ""main"": ""#FCC898"", ""accent"": ""#FEE4CB"", ""light"": ""#FFFFFF""}",1
6,/images/groups/misamo.webp,"{""deep"": ""#910556"", ""secondary"": ""#CF247C"", ""main"": ""#FF5FA2"", ""accent"": ""#FCC898"", ""light"": ""#FFFFFF""}",1
7,/images/groups/ive.webp,"{""deep"": ""#16080B"", ""secondary"": ""#6E031A"", ""main"": ""#C8002E"", ""accent"": ""#AEAEAE"", ""light"": ""#F9F6F7""}",1
8,/images/groups/blackpink.webp,"{""deep"": ""#000000"", ""secondary"": ""#4B4B4B"", ""main"": ""#F0B3C6"", ""accent"": ""#F9D9E2"", ""light"": ""#FFFFFF""}",1
9,/images/groups/babymonster.webp,"{""deep"": ""#000000"", ""secondary"": ""#262626"", ""main"": ""#CF0101"", ""accent"": ""#EC6954"", ""light"": ""#FCAC9A""}",1
10,/images/groups/kiss_of_life.webp,"{""deep"": ""#000000"", ""secondary"": ""#1F1F1F"", ""main"": ""#A42732"", ""accent"": ""#CA605E"", ""light"": ""#E59993""}",1
11,/images/groups/young_posse.webp,"{""deep"": ""#76A00F"", ""secondary"": ""#A0CE27"", ""main"": ""#CCFF00"", ""accent"": ""#E8FFB7"", ""light"": ""#FFFFFF""}",1
12,/images/groups/itzy.webp,"{""deep"": ""#7C0B7C"", ""secondary"": ""#B91BB3"", ""main"": ""#FF10F0"", ""accent"": ""#FEA7EF"", ""light"": ""#FFF3FC""}",1
13,/images/groups/stayc.webp,"{""deep"": ""#012C69"", ""secondary"": ""#1352A2"", ""main"": ""#FF4EA4"", ""accent"": ""#FEAECA"", ""light"": ""#FFF3F6""}",1
14,/images/groups/i-dle.webp,"{""deep"": ""#2C014A"", ""secondary"": ""#5C068C"", ""main"": ""#E4002B"", ""accent"": ""#FC746C"", ""light"": ""#FDBFB7""}",1
15,/images/groups/nmixx.webp,"{""deep"": ""#0A0A0A"", ""secondary"": ""#444444"", ""main"": ""#0085FF"", ""accent"": ""#7AB7FE"", ""light"": ""#CAE3FF""}",1
16,/images/groups/newjeans.webp,"{""deep"": ""#00156D"", ""secondary"": ""#0633B9"", ""main"": ""#2563EB"", ""accent"": ""#FF8FB3"", ""light"": ""#FEDAE2""}",1
17,/images/groups/illit.webp,"{""deep"": ""#6B4DAA"", ""secondary"": ""#9577D4"", ""main"": ""#C2A3FF"", ""accent"": ""#A7C7E7"", ""light"": ""#EAF2FA""}",1
18,/images/groups/meovv.webp,"{""deep"": ""#7E7E7E"", ""secondary"": ""#A8A8A8"", ""main"": ""#D1D5DB"", ""accent"": ""#CCFF00"", ""light"": ""#FFFFFF""}",1
19,/images/groups/loona.webp,"{""deep"": ""#0B0F19"", ""secondary"": ""#FDE047"", ""main"": ""#F8FAFC"", ""accent"": ""#FCFCFC"", ""light"": ""#FFFFFF""}",1
20,/images/groups/soloists.webp,"{""deep"": ""#000000"", ""secondary"": ""#000000"", ""main"": ""#000000"", ""accent"": ""#636363"", ""light"": ""#FFFFFF""}",1
21,/images/groups/artms.webp,"{""deep"": ""#5E5E90"", ""secondary"": ""#8887BA"", ""main"": ""#5CCCFF"", ""accent"": ""#B6E6FE"", ""light"": ""#FFFFFF""}",1
22,/images/groups/loossemble.webp,"{""deep"": ""#543531"", ""secondary"": ""#7B5C56"", ""main"": ""#A5857E"", ""accent"": ""#C9B3AE"", ""light"": ""#ECE4E2""}",1
23,/images/groups/red_velvet.webp,"{""deep"": ""#A54938"", ""secondary"": ""#D17561"", ""main"": ""#FEA38B"", ""accent"": ""#FED3C7"", ""light"": ""#FFFFFF""}",1
24,/images/groups/i_o_i.webp,"{""deep"": ""#88023E"", ""secondary"": ""#CA145D"", ""main"": ""#FF4F81"", ""accent"": ""#C9C9C9"", ""light"": ""#F9FAFB""}",1
25,/images/groups/girls_generation.webp,"{""deep"": ""#84073E"", ""secondary"": ""#CA015C"", ""main"": ""#FF4980"", ""accent"": ""#FDA8B6"", ""light"": ""#FEEDEE""}",1
26,/images/groups/mamamoo.webp,"{""deep"": ""#548616"", ""secondary"": ""#79B51F"", ""main"": ""#A3E432"", ""accent"": ""#D2F3A7"", ""light"": ""#FFFFFF""}",1
27,/images/groups/2ne1.webp,"{""deep"": ""#000000"", ""secondary"": ""#000000"", ""main"": ""#000000"", ""accent"": ""#73012E"", ""light"": ""#FF6984""}",1
28,/images/groups/kep1er.webp,"{""deep"": ""#6A538E"", ""secondary"": ""#898989"", ""main"": ""#C1A7E2"", ""accent"": ""#F1E682"", ""light"": ""#FFFFFF""}",1
29,/images/groups/clc.webp,"{""deep"": ""#840B55"", ""secondary"": ""#005F61"", ""main"": ""#FFCD00"", ""accent"": ""#FFE7A8"", ""light"": ""#FFFFFF""}",1
31,/images/groups/madein.webp,"{""deep"": ""#4A5F80"", ""secondary"": ""#7288A9"", ""main"": ""#9CB4D4"", ""accent"": ""#D5D5D5"", ""light"": ""#F7F9FC""}",1
32,/images/groups/rescene.webp,"{""deep"": ""#A3335D"", ""secondary"": ""#D16183"", ""main"": ""#FF8FAB"", ""accent"": ""#D5D5D5"", ""light"": ""#F3F4F6""}",1
33,/images/groups/sistar.webp,"{""deep"": ""#7D0985"", ""secondary"": ""#B918BF"", ""main"": ""#FF00FF"", ""accent"": ""#FEA9F6"", ""light"": ""#FFF6FD""}",1
34,/images/groups/gfriend.webp,"{""deep"": ""#5F488B"", ""secondary"": ""#00B2CA"", ""main"": ""#F0F1F0"", ""accent"": ""#F8F8F8"", ""light"": ""#FFFFFF""}",1
35,/images/groups/viviz.webp,"{""deep"": ""#45067F"", ""secondary"": ""#712BBC"", ""main"": ""#9B5DE5"", ""accent"": ""#BABABA"", ""light"": ""#F3F4F6""}",1
36,/images/groups/h1-key.webp,"{""deep"": ""#850B32"", ""secondary"": ""#CA0D4A"", ""main"": ""#FF4D6D"", ""accent"": ""#BEBEBE"", ""light"": ""#E5E7EB""}",1
38,/images/groups/unis.webp,"{""deep"": ""#880152"", ""secondary"": ""#CA0F78"", ""main"": ""#FF4D9E"", ""accent"": ""#C1C1C1"", ""light"": ""#E2E8F0""}",1
39,/images/groups/unchild.webp,"{""deep"": ""#76A00F"", ""secondary"": ""#A0CE27"", ""main"": ""#CCFF00"", ""accent"": ""#F5FF3D"", ""light"": ""#FFFFFF""}",1
40,/images/groups/latency.webp,"{""deep"": ""#0B0B0B"", ""secondary"": ""#2B2B2E"", ""main"": ""#D62828"", ""accent"": ""#F07869"", ""light"": ""#FEB9AD""}",1
41,/images/groups/hearts_2_hearts.webp,"{""deep"": ""#4982A6"", ""secondary"": ""#75AED0"", ""main"": ""#A2DBFC"", ""accent"": ""#D1EDFE"", ""light"": ""#FFFFFF""}",1
42,/images/groups/kiiikiii.webp,"{""deep"": ""#9C8318"", ""secondary"": ""#D0AC24"", ""main"": ""#FFD966"", ""accent"": ""#FFEDBC"", ""light"": ""#FFFFFF""}",1
43,/images/groups/billlie.webp,"{""deep"": ""#435E90"", ""secondary"": ""#6A88BA"", ""main"": ""#94B4E5"", ""accent"": ""#C5B4E1"", ""light"": ""#EEE8F6""}",1
44,/images/groups/fromis_9.webp,"{""deep"": ""#3A844C"", ""secondary"": ""#6BAE75"", ""main"": ""#F2B9C6"", ""accent"": ""#FADCE2"", ""light"": ""#FFFFFF""}",1
45,/images/groups/tuide.webp,"{""deep"": ""#92410D"", ""secondary"": ""#CE600C"", ""main"": ""#FF8C42"", ""accent"": ""#F7C6D9"", ""light"": ""#FFFFFF""}",1
